{
  "column_names": [
    "profile pic",
    "nums/length username",
    "fullname words",
    "nums/length fullname",
    "name==username",
    "description length",
    "external URL",
    "private",
    "#posts",
    "#followers",
    "#follows",
    "fake"
  ],
  "correlation_matrix": {
    "profile pic": {
      "profile pic": 1.0,
      "nums/length username": -0.3640870119558578,
      "fullname words": 0.21329514284035994,
      "nums/length fullname": -0.1317562181233736,
      "name==username": -0.1249028697779915,
      "description length": 0.3678919384420176,
      "external URL": 0.23672932026095383,
      "private": 0.11473195906356208,
      "#posts": 0.16957023182714057,
      "#followers": 0.06113663465791732,
      "#follows": 0.19483277607383534,
      "fake": -0.6373153455261413
    },
    "nums/length username": {
      "profile pic": -0.3640870119558578,
      "nums/length username": 1.0,
      "fullname words": -0.2254721252879002,
      "nums/length fullname": 0.4085665416697785,
      "name==username": 0.056889648968847885,
      "description length": -0.3211702712690146,
      "external URL": -0.23712479078633816,
      "private": -0.06371256563346869,
      "#posts": -0.157442111675281,
      "#followers": -0.06278509029549376,
      "#follows": -0.17241327453552807,
      "fake": 0.5876865322857971
    },
    "fullname words": {
      "profile pic": 0.21329514284035994,
      "nums/length username": -0.2254721252879002,
      "fullname words": 1.0,
      "nums/length fullname": -0.09434799474544535,
      "name==username": -0.08296878000618549,
      "description length": 0.2725221649683829,
      "external URL": 0.19656238586170463,
      "private": -0.08907007870690359,
      "#posts": 0.07335018160831934,
      "#followers": 0.03322460351417579,
      "#follows": 0.09485496427288112,
      "fake": -0.29879257637692547
    },
    "nums/length fullname": {
      "profile pic": -0.1317562181233736,
      "nums/length username": 0.4085665416697785,
      "fullname words": -0.09434799474544535,
      "nums/length fullname": 1.0,
      "name==username": 0.2911490862354579,
      "description length": -0.11752105009028133,
      "external URL": -0.08872418266543886,
      "private": -0.03003032979714781,
      "#posts": -0.05771550451152552,
      "#followers": -0.027034712360083285,
      "#follows": -0.0679710915016556,
      "fake": 0.24678209951758656
    },
    "name==username": {
      "profile pic": -0.1249028697779915,
      "nums/length username": 0.056889648968847885,
      "fullname words": -0.08296878000618549,
      "nums/length fullname": 0.2911490862354579,
      "name==username": 1.0,
      "description length": -0.06481385261420153,
      "external URL": -0.03923238157079205,
      "private": 0.04608400078490016,
      "#posts": -0.04980824623117838,
      "#followers": -0.017760755528611876,
      "#follows": -0.0095291006031124,
      "fake": 0.17069472940744848
    },
    "description length": {
      "profile pic": 0.3678919384420176,
      "nums/length username": -0.3211702712690146,
      "fullname words": 0.2725221649683829,
      "nums/length fullname": -0.11752105009028133,
      "name==username": -0.06481385261420153,
      "description length": 1.0,
      "external URL": 0.4823130714558539,
      "private": -0.11032883220647664,
      "#posts": 0.14482370211952766,
      "#followers": 0.005929454517244359,
      "#follows": 0.2265614220084167,
      "fake": -0.46082459299586315
    },
    "external URL": {
      "profile pic": 0.23672932026095383,
      "nums/length username": -0.23712479078633816,
      "fullname words": 0.19656238586170463,
      "nums/length fullname": -0.08872418266543886,
      "name==username": -0.03923238157079205,
      "description length": 0.4823130714558539,
      "external URL": 1.0,
      "private": -0.16261230721428133,
      "#posts": 0.16500846298526692,
      "#followers": 0.027188730151426112,
      "#follows": 0.14251936136419865,
      "fake": -0.3628093829134784
    },
    "private": {
      "profile pic": 0.11473195906356208,
      "nums/length username": -0.06371256563346869,
      "fullname words": -0.08907007870690359,
      "nums/length fullname": -0.03003032979714781,
      "name==username": 0.04608400078490016,
      "description length": -0.11032883220647664,
      "external URL": -0.16261230721428133,
      "private": 1.0,
      "#posts": -0.0874950278429216,
      "#followers": -0.07347270964347141,
      "#follows": -0.05754246823562548,
      "fake": -0.028586016996464635
    },
    "#posts": {
      "profile pic": 0.16957023182714057,
      "nums/length username": -0.157442111675281,
      "fullname words": 0.07335018160831934,
      "nums/length fullname": -0.05771550451152552,
      "name==username": -0.04980824623117838,
      "description length": 0.14482370211952766,
      "external URL": 0.16500846298526692,
      "private": -0.0874950278429216,
      "#posts": 1.0,
      "#followers": 0.3213854798503543,
      "#follows": 0.09822504007857542,
      "fake": -0.24535515196622562
    },
    "#followers": {
      "profile pic": 0.06113663465791732,
      "nums/length username": -0.06278509029549376,
      "fullname words": 0.03322460351417579,
      "nums/length fullname": -0.027034712360083285,
      "name==username": -0.017760755528611876,
      "description length": 0.005929454517244359,
      "external URL": 0.027188730151426112,
      "private": -0.07347270964347141,
      "#posts": 0.3213854798503543,
      "#followers": 1.0,
      "#follows": -0.01106599405181997,
      "fake": -0.0936887828008126
    },
    "#follows": {
      "profile pic": 0.19483277607383534,
      "nums/length username": -0.17241327453552807,
      "fullname words": 0.09485496427288112,
      "nums/length fullname": -0.0679710915016556,
      "name==username": -0.0095291006031124,
      "description length": 0.2265614220084167,
      "external URL": 0.14251936136419865,
      "private": -0.05754246823562548,
      "#posts": 0.09822504007857542,
      "#followers": -0.01106599405181997,
      "#follows": 1.0,
      "fake": -0.22483522407346324
    },
    "fake": {
      "profile pic": -0.6373153455261413,
      "nums/length username": 0.5876865322857971,
      "fullname words": -0.29879257637692547,
      "nums/length fullname": 0.24678209951758656,
      "name==username": 0.17069472940744848,
      "description length": -0.46082459299586315,
      "external URL": -0.3628093829134784,
      "private": -0.028586016996464635,
      "#posts": -0.24535515196622562,
      "#followers": -0.0936887828008126,
      "#follows": -0.22483522407346324,
      "fake": 1.0
    }
  }
}